Format Version,1.23,Take Name,V03A_004,Take Notes,,Capture Frame Rate,100,Export Frame Rate,100,Capture Start Time,2022-01-11 02.42.12.212 ,Total Frames in Take,67,Total Exported Frames,67,Rotation Type,XZY,Length Units,Meters,Coordinate Space,Global,,,,,,,,,,,,,,,,,,,,,,
,,HIP_X,HIP_Z,HIP_Y,HIP_X,HIP_Y,HIP_Z,LTHI_X,LTHI_Z,LTHI_Y,LTHI_X,LTHI_Y,LTHI_Z,LSHA_X,LSHA_Z,LSHA_Y,LSHA_X,LSHA_Y,LSHA_Z,LFOOT_X,LFOOT_Z,LFOOT_Y,LFOOT_X,LFOOT_Y,LFOOT_Z,RTHI_X,RTHI_Z,RTHI_Y,RTHI_X,RTHI_Y,RTHI_Z,RSHA_X,RSHA_Z,RSHA_Y,RSHA_X,RSHA_Y,RSHA_Z,RFOOT_X,RFOOT_Z,RFOOT_Y,RFOOT_X,RFOOT_Y,RFOOT_Z
,Type,Rigid Body,Rigid Body,Rigid Body,Rigid Body,Rigid Body,Rigid Body,Rigid Body,Rigid Body,Rigid Body,Rigid Body,Rigid Body,Rigid Body,Rigid Body,Rigid Body,Rigid Body,Rigid Body,Rigid Body,Rigid Body,Rigid Body,Rigid Body,Rigid Body,Rigid Body,Rigid Body,Rigid Body,Rigid Body,Rigid Body,Rigid Body,Rigid Body,Rigid Body,Rigid Body,Rigid Body,Rigid Body,Rigid Body,Rigid Body,Rigid Body,Rigid Body,Rigid Body,Rigid Body,Rigid Body,Rigid Body,Rigid Body,Rigid Body
,Name,HIP,HIP,HIP,HIP,HIP,HIP,LTHI,LTHI,LTHI,LTHI,LTHI,LTHI,LSHA,LSHA,LSHA,LSHA,LSHA,LSHA,LFOOT,LFOOT,LFOOT,LFOOT,LFOOT,LFOOT,RTHI,RTHI,RTHI,RTHI,RTHI,RTHI,RSHA,RSHA,RSHA,RSHA,RSHA,RSHA,RFOOT,RFOOT,RFOOT,RFOOT,RFOOT,RFOOT
,ID,F5383E26730B11EC9A069B5DF02C0F86,F5383E26730B11EC9A069B5DF02C0F86,F5383E26730B11EC9A069B5DF02C0F86,F5383E26730B11EC9A069B5DF02C0F86,F5383E26730B11EC9A069B5DF02C0F86,F5383E26730B11EC9A069B5DF02C0F86,156A4B7A730C11EC9A069B5DF02C0F86,156A4B7A730C11EC9A069B5DF02C0F86,156A4B7A730C11EC9A069B5DF02C0F86,156A4B7A730C11EC9A069B5DF02C0F86,156A4B7A730C11EC9A069B5DF02C0F86,156A4B7A730C11EC9A069B5DF02C0F86,1F057445730C11EC9A069B5DF02C0F86,1F057445730C11EC9A069B5DF02C0F86,1F057445730C11EC9A069B5DF02C0F86,1F057445730C11EC9A069B5DF02C0F86,1F057445730C11EC9A069B5DF02C0F86,1F057445730C11EC9A069B5DF02C0F86,46C8B624730C11EC9A069B5DF02C0F86,46C8B624730C11EC9A069B5DF02C0F86,46C8B624730C11EC9A069B5DF02C0F86,46C8B624730C11EC9A069B5DF02C0F86,46C8B624730C11EC9A069B5DF02C0F86,46C8B624730C11EC9A069B5DF02C0F86,50FE596D730C11EC9A069B5DF02C0F86,50FE596D730C11EC9A069B5DF02C0F86,50FE596D730C11EC9A069B5DF02C0F86,50FE596D730C11EC9A069B5DF02C0F86,50FE596D730C11EC9A069B5DF02C0F86,50FE596D730C11EC9A069B5DF02C0F86,570EEABA730C11EC9A069B5DF02C0F86,570EEABA730C11EC9A069B5DF02C0F86,570EEABA730C11EC9A069B5DF02C0F86,570EEABA730C11EC9A069B5DF02C0F86,570EEABA730C11EC9A069B5DF02C0F86,570EEABA730C11EC9A069B5DF02C0F86,6769CFF1730C11EC9A069B5DF02C0F86,6769CFF1730C11EC9A069B5DF02C0F86,6769CFF1730C11EC9A069B5DF02C0F86,6769CFF1730C11EC9A069B5DF02C0F86,6769CFF1730C11EC9A069B5DF02C0F86,6769CFF1730C11EC9A069B5DF02C0F86
,,Rotation,Rotation,Rotation,Position,Position,Position,Rotation,Rotation,Rotation,Position,Position,Position,Rotation,Rotation,Rotation,Position,Position,Position,Rotation,Rotation,Rotation,Position,Position,Position,Rotation,Rotation,Rotation,Position,Position,Position,Rotation,Rotation,Rotation,Position,Position,Position,Rotation,Rotation,Rotation,Position,Position,Position
Frame,Time (Seconds),X,Z,Y,X,Y,Z,X,Z,Y,X,Y,Z,X,Z,Y,X,Y,Z,X,Z,Y,X,Y,Z,X,Z,Y,X,Y,Z,X,Z,Y,X,Y,Z,X,Z,Y,X,Y,Z
419,0,16.524027,-5.682114,-6.921244,-0.037735,0.959326,-1.416725,22.489603,-6.792665,-7.365469,0.112904,0.673967,-1.517479,72.508766,-4.489327,-7.213708,0.10323,0.473427,-1.808204,82.552193,-4.225948,1.838993,0.059683,0.342763,-2.047979,-14.491094,1.358779,-0.383897,-0.177308,0.688021,-1.398525,-13.293341,7.624098,3.095351,-0.135275,0.31061,-1.336149,-23.957048,14.914433,1.454236,-0.090714,0.100994,-1.148036
420,0.01,15.906295,-4.998175,-6.922515,-0.038583,0.953015,-1.387441,21.921902,-6.46575,-5.909332,0.113326,0.668593,-1.484879,75.964233,-4.69197,-5.683579,0.102087,0.48004,-1.773929,85.61689,-4.244903,2.581616,0.058668,0.365132,-2.020213,-13.464931,1.62481,-2.990866,-0.178805,0.679236,-1.371009,-12.983482,7.333217,1.840416,-0.13655,0.305509,-1.3077,-22.927273,13.949686,3.013049,-0.092215,0.094427,-1.121602
421,0.02,15.300937,-4.363761,-6.938716,-0.039372,0.946303,-1.358244,21.368288,-6.136844,-4.582048,0.113853,0.662644,-1.452271,79.400505,-4.922216,-4.286777,0.101047,0.485886,-1.739018,88.662468,-4.299455,3.263082,0.057502,0.386664,-1.991146,-12.827558,2.309958,-5.243464,-0.179732,0.670742,-1.342544,-12.335705,7.097253,1.795178,-0.13817,0.299911,-1.280264,-21.584963,13.150088,4.258261,-0.0933,0.086533,-1.097771
422,0.03,14.701732,-3.839497,-6.982401,-0.040058,0.938942,-1.329169,20.72381,-5.791396,-3.372684,0.114473,0.655643,-1.419589,82.836784,-5.271359,-3.254371,0.1002,0.490433,-1.703001,91.606155,-4.316355,3.834943,0.056207,0.406682,-1.959949,-12.866357,3.222862,-6.643243,-0.179924,0.6628,-1.312708,-11.080694,6.96231,3.104504,-0.140212,0.293671,-1.254117,-19.656298,12.644025,5.15227,-0.093678,0.076791,-1.078013
423,0.04,14.08625,-3.502869,-7.049775,-0.040576,0.930884,-1.300226,19.861692,-5.473809,-2.266001,0.115188,0.647372,-1.386697,86.176514,-5.710367,-2.662884,0.099602,0.49326,-1.665606,94.449745,-4.278722,4.302029,0.054852,0.424599,-1.92615,-13.583421,3.826956,-6.971414,-0.179706,0.655513,-1.281672,-9.101267,6.949483,5.137845,-0.142333,0.287037,-1.229106,-16.833101,12.200253,5.855439,-0.093355,0.06555,-1.062786
424,0.05,13.453263,-3.424118,-7.129589,-0.040885,0.922229,-1.271465,18.758533,-5.208282,-1.395394,0.116033,0.637877,-1.353457,89.28894,-6.10744,-2.432192,0.099255,0.494177,-1.62665,97.193558,-4.164848,4.621541,0.053472,0.439985,-1.889583,-14.705521,4.054333,-6.397989,-0.179583,0.64874,-1.250052,-6.493754,7.023294,7.455539,-0.143961,0.280512,-1.205093,-12.979513,11.238841,6.414045,-0.092517,0.053749,-1.051739
425,0.06,12.831975,-3.631358,-7.221749,-0.041027,0.913196,-1.243027,17.40061,-4.905894,-0.872691,0.116933,0.62737,-1.319739,92.133774,-6.391289,-2.457684,0.099075,0.493208,-1.58618,99.722664,-3.919529,4.73482,0.052088,0.452529,-1.850369,-15.8332,4.151184,-5.336181,-0.179924,0.642342,-1.218635,-3.568097,7.148148,10.065595,-0.144584,0.274833,-1.181815,-8.577632,9.039602,6.796171,-0.091302,0.042969,-1.043985
426,0.07,12.272793,-4.123663,-7.346263,-0.041063,0.904149,-1.215131,15.760704,-4.443217,-0.704461,0.11771,0.616224,-1.285422,94.698639,-6.626908,-2.697637,0.099008,0.4905,-1.544348,101.888016,-3.544586,4.630543,0.050765,0.461961,-1.808801,-16.522867,4.175526,-4.455954,-0.18078,0.636599,-1.188066,-0.592801,7.387113,12.576848,-0.144081,0.270973,-1.158766,-4.5738,5.731157,7.035359,-0.089945,0.034942,-1.038789
427,0.08,11.841651,-4.911771,-7.511028,-0.040996,0.895621,-1.187867,13.887453,-3.731663,-0.849489,0.118236,0.605132,-1.250356,96.854126,-6.911171,-3.168164,0.09909,0.486278,-1.501113,103.56604,-3.082004,4.269858,0.0496,0.468011,-1.765139,-16.638987,4.248979,-4.234161,-0.181773,0.631929,-1.158583,2.629701,7.693673,14.145464,-0.143069,0.269479,-1.136178,-1.519465,2.552258,7.140256,-0.088872,0.029999,-1.035481
428,0.09,11.637733,-5.966121,-7.691703,-0.040772,0.888211,-1.160967,11.804115,-2.959987,-1.185621,0.118549,0.595177,-1.214337,98.490364,-7.230794,-3.854125,0.099292,0.480849,-1.456412,104.633339,-2.493143,3.614317,0.048586,0.470353,-1.719661,-16.485394,4.531745,-4.37709,-0.182449,0.628151,-1.130125,6.392514,7.90705,15.07292,-0.14242,0.269751,-1.115693,0.73097,0.212742,7.147577,-0.088267,0.027132,-1.03336
429,0.1,11.735324,-7.117156,-7.866448,-0.040401,0.882369,-1.134007,9.477705,-2.481103,-1.441946,0.11884,0.58729,-1.177335,99.62793,-7.530194,-4.681175,0.099499,0.474604,-1.410306,104.989433,-1.754112,2.669798,0.047652,0.468805,-1.67276,-16.295021,4.878632,-4.501497,-0.18277,0.624765,-1.102828,10.334716,7.97263,15.912673,-0.142304,0.270557,-1.098774,2.374898,-1.401637,7.137475,-0.087991,0.025471,-1.032009
430,0.11,12.034477,-8.086802,-7.955075,-0.039983,0.878374,-1.106828,6.959843,-2.246086,-1.493481,0.119299,0.581627,-1.139539,100.30426,-7.759476,-5.510909,0.099644,0.467905,-1.362974,104.599213,-0.946686,1.440103,0.046692,0.463355,-1.624816,-15.952197,5.061337,-4.6731,-0.182906,0.621699,-1.077094,13.761233,7.851398,16.288111,-0.142384,0.270835,-1.085464,3.520579,-2.46019,7.142209,-0.087921,0.024558,-1.031161
431,0.12,12.283881,-8.594393,-7.679679,-0.039313,0.876333,-1.079389,4.33954,-1.92451,-1.577365,0.119955,0.578039,-1.101059,100.465797,-7.895685,-6.235733,0.099719,0.46098,-1.314703,103.45076,-0.181928,-0.038497,0.045573,0.454064,-1.576123,-15.079735,5.067337,-4.950837,-0.182909,0.619244,-1.053235,16.348421,7.609726,16.449409,-0.142521,0.270163,-1.074972,4.365842,-3.137259,7.17487,-0.087974,0.024087,-1.030619
432,0.13,12.315534,-8.535044,-6.988776,-0.038442,0.876135,-1.051676,1.593022,-1.454484,-1.759688,0.120707,0.576751,-1.061924,99.973221,-7.888803,-6.870744,0.0997,0.453992,-1.265833,101.52932,0.430146,-1.699944,0.044239,0.441157,-1.526874,-13.414839,4.985159,-5.220207,-0.182779,0.617675,-1.031224,18.187311,7.432875,16.839363,-0.142701,0.268937,-1.066357,5.067297,-3.504461,7.240654,-0.088089,0.02393,-1.030269
433,0.14,12.207084,-8.024095,-5.963927,-0.037493,0.877458,-1.023683,-1.409174,-1.01298,-1.734938,0.121457,0.578172,-1.022337,98.670937,-7.711182,-7.544632,0.099552,0.447154,-1.216724,98.829216,0.763324,-3.433182,0.042706,0.424871,-1.477084,-11.108588,4.843996,-5.394525,-0.182602,0.617156,-1.010686,19.631187,7.402445,17.402575,-0.142917,0.268066,-1.058967,5.717717,-3.55006,7.338624,-0.088238,0.024097,-1.029991
434,0.15,12.186048,-7.263584,-4.757472,-0.036583,0.880061,-0.995374,-4.725387,-0.729859,-1.256709,0.122149,0.582418,-0.982738,96.452148,-7.42391,-8.374874,0.099249,0.440665,-1.16772,95.383591,0.716853,-5.083189,0.040976,0.405441,-1.426611,-8.428397,4.626364,-5.342749,-0.182334,0.617788,-0.991169,21.047735,7.404047,18.1957,-0.143265,0.268398,-1.052471,6.405932,-3.29592,7.493576,-0.088472,0.02464,-1.029702
435,0.16,12.426139,-6.400496,-3.537971,-0.035777,0.883835,-0.966642,-8.252416,-0.669308,-0.279796,0.122738,0.589246,-0.943642,93.308464,-7.048306,-9.348656,0.098763,0.434643,-1.119125,91.27523,0.338218,-6.506732,0.039025,0.383264,-1.375227,-5.535045,4.380911,-4.831229,-0.181693,0.619656,-0.972373,22.467642,7.319318,19.110699,-0.143751,0.270273,-1.04669,7.241421,-2.707427,7.739178,-0.088844,0.025629,-1.029363
436,0.17,12.912183,-5.50543,-2.455576,-0.035112,0.888661,-0.937382,-11.814739,-0.888996,1.118068,0.123188,0.598164,-0.905435,89.288734,-6.632626,-10.398438,0.098104,0.429065,-1.071181,86.585152,-0.27897,-7.549974,0.03687,0.358789,-1.322556,-2.554935,4.245272,-3.917336,-0.180575,0.622871,-0.953973,23.684792,7.170411,19.867414,-0.144295,0.273775,-1.041475,8.362196,-1.683772,8.083512,-0.089329,0.027184,-1.028905
437,0.18,13.484234,-4.567707,-1.598016,-0.034655,0.894423,-0.907613,-15.184295,-1.39656,2.677269,0.123498,0.608506,-0.868252,84.487679,-6.318304,-11.457498,0.097295,0.423828,-1.024069,81.375984,-1.092606,-8.064417,0.034613,0.332482,-1.268161,0.45506,4.304112,-2.874472,-0.179111,0.62748,-0.9356,24.562508,7.002476,20.302668,-0.144857,0.279012,-1.036541,9.903968,-0.159242,8.524677,-0.089898,0.029419,-1.028235
438,0.19,13.997976,-3.540552,-0.999857,-0.034443,0.901015,-0.877347,-18.125362,-2.130802,3.95513,0.123749,0.61963,-0.83202,79.005318,-6.137635,-12.342453,0.096325,0.418701,-0.977814,75.709694,-2.01263,-7.980292,0.032397,0.304905,-1.211689,3.503368,4.497839,-1.776386,-0.177406,0.633346,-0.916953,25.161032,6.793069,20.371367,-0.145428,0.286057,-1.031498,11.976159,1.843637,9.055127,-0.090563,0.032416,-1.027282
439,0.2,14.398622,-2.417366,-0.652154,-0.034443,0.908295,-0.846617,-20.486845,-2.987674,4.648796,0.124074,0.631067,-0.796592,72.901932,-5.941245,-12.71894,0.095227,0.413409,-0.932335,69.646988,-2.920461,-7.296293,0.030376,0.276704,-1.152869,6.5565,4.670733,-0.607222,-0.175555,0.640204,-0.897769,25.619452,6.544112,20.039581,-0.145969,0.294837,-1.025961,14.647916,4.19833,9.668299,-0.091347,0.036229,-1.025978
440,0.21,14.688376,-1.231917,-0.50417,-0.034565,0.916072,-0.81551,-22.225618,-3.855626,4.796437,0.124548,0.642499,-0.761825,66.004066,-5.565501,-12.2325,0.094145,0.407859,-0.887341,63.27607,-3.65881,-6.083333,0.028704,0.248516,-1.091614,9.510221,4.723893,0.600598,-0.173696,0.647722,-0.877832,26.019341,6.32675,19.264004,-0.146371,0.305082,-1.019544,17.953323,6.607305,10.360055,-0.092269,0.040903,-1.024284
441,0.22,14.893984,-0.009862,-0.452683,-0.034612,0.924123,-0.784082,-23.376207,-4.634175,4.561035,0.125156,0.653698,-0.727688,58.435555,-5.289555,-11.10823,0.093094,0.402187,-0.842835,56.729198,-4.073232,-4.523326,0.027445,0.220951,-1.027996,12.267784,4.678873,1.8337,-0.171958,0.655579,-0.857006,26.393602,6.119582,18.098946,-0.146604,0.316438,-1.011893,21.921852,8.659886,11.114952,-0.093346,0.04647,-1.022235
442,0.23,15.066479,1.22259,-0.448273,-0.034538,0.932203,-0.752388,-24.002359,-5.237795,4.075564,0.125798,0.664435,-0.694277,51.745335,-5.807658,-10.287493,0.091732,0.395089,-0.799443,50.077133,-4.175397,-2.853271,0.026525,0.194578,-0.962123,14.783386,4.607713,3.085808,-0.17042,0.663558,-0.835233,26.754068,5.796669,16.706184,-0.146702,0.328573,-1.002765,26.587704,10.108916,11.850097,-0.094528,0.05299,-1.020007
443,0.24,15.259484,2.434767,-0.442798,-0.034277,0.94006,-0.720499,-24.141562,-5.669905,3.413249,0.126279,0.674419,-0.661708,45.682903,-7.154791,-9.890837,0.090227,0.386737,-0.75636,43.339333,-4.109712,-1.319011,0.025842,0.1699,-0.894206,17.087734,4.585619,4.33261,-0.169098,0.67145,-0.81252,27.165066,5.324306,15.219299,-0.146616,0.341274,-0.992087,31.906099,10.869418,12.331012,-0.095612,0.060638,-1.017736
444,0.25,15.508459,3.580934,-0.40835,-0.033778,0.947461,-0.688474,-23.798155,-5.956672,2.633434,0.126471,0.683367,-0.63014,39.940243,-8.70156,-9.655908,0.088868,0.377555,-0.713403,36.602921,-3.976027,-0.145564,0.025313,0.147343,-0.824631,19.232115,4.640545,5.490911,-0.168028,0.67906,-0.788901,27.777109,4.81715,13.732894,-0.146269,0.354333,-0.979881,37.620346,10.9665,12.339998,-0.096353,0.069711,-1.015534
445,0.26,15.833283,4.602712,-0.339599,-0.033079,0.954201,-0.656418,-23.014225,-6.053876,1.883911,0.126411,0.691095,-0.599755,33.99189,-9.84508,-9.233093,0.08807,0.368064,-0.669769,29.985197,-3.839766,0.511965,0.024864,0.12726,-0.7539,21.198555,4.779181,6.416079,-0.167205,0.686253,-0.764317,28.81074,4.411388,12.390469,-0.145645,0.36754,-0.966113,43.240837,10.645433,11.904967,-0.09676,0.080595,-1.013597
446,0.27,16.233753,5.443769,-0.232133,-0.032273,0.960108,-0.624447,-21.87533,-5.95272,1.292052,0.126101,0.697401,-0.570579,27.878839,-9.691015,-7.936532,0.088331,0.358967,-0.626646,23.523327,-3.86002,0.610376,0.024416,0.110007,-0.682535,22.89846,5.000751,6.986647,-0.166502,0.692908,-0.738708,30.517611,4.185814,11.283394,-0.144743,0.380803,-0.950749,48.222202,10.279336,11.191387,-0.096953,0.093728,-1.01185
447,0.28,16.678131,6.054919,-0.081984,-0.031461,0.965069,-0.592673,-20.504978,-5.727828,0.883575,0.125567,0.702055,-0.542453,21.789022,-9.013627,-6.381168,0.089417,0.35068,-0.584439,17.234066,-4.189214,0.235939,0.023947,0.095937,-0.611241,24.245287,5.23457,7.148609,-0.165782,0.698829,-0.712001,33.033665,4.150322,10.398113,-0.143538,0.394013,-0.933847,52.315144,10.034475,10.371716,-0.096912,0.109258,-1.009828
448,0.29,17.112003,6.408719,0.107101,-0.030739,0.969015,-0.561185,-19.044153,-5.47927,0.584476,0.125022,0.704892,-0.515138,16.139202,-8.600512,-5.182587,0.090774,0.342703,-0.542839,11.221686,-4.850586,-0.437287,0.023542,0.085241,-0.540982,25.110369,5.365378,6.930304,-0.165,0.703776,-0.684074,36.257187,4.273294,9.689917,-0.142032,0.407029,-0.915477,55.789944,9.788578,9.579937,-0.096574,0.126905,-1.00719
449,0.3,17.490469,6.49774,0.321002,-0.030161,0.971874,-0.530021,-17.59659,-5.234132,0.283743,0.124757,0.705797,-0.488381,10.882233,-8.285918,-4.192795,0.092322,0.33549,-0.502002,5.6467,-5.74222,-1.209291,0.023377,0.077803,-0.4728,25.478741,5.279854,6.468795,-0.16416,0.707515,-0.654959,39.952015,4.497139,9.047125,-0.140241,0.41979,-0.895646,59.135941,9.595931,8.872101,-0.095842,0.146273,-1.003823
450,0.31,17.780313,6.320006,0.526251,-0.029733,0.973571,-0.499177,-16.231552,-4.926322,-0.02401,0.125004,0.704777,-0.461962,6.082693,-8.045092,-3.731073,0.093939,0.329288,-0.462045,0.651076,-6.708817,-1.906121,0.023617,0.073298,-0.407835,25.49711,5.001618,5.876018,-0.163275,0.709887,-0.624913,43.904118,4.71263,8.349979,-0.138223,0.432278,-0.874238,62.641953,9.707393,8.235599,-0.094652,0.167055,-0.999449
451,0.32,17.95509,5.897038,0.691675,-0.029408,0.974054,-0.468644,-15.019546,-4.55581,-0.25444,0.125865,0.702043,-0.435726,1.875583,-7.764429,-4.046785,0.095555,0.324226,-0.423053,-3.635903,-7.574418,-2.406235,0.024337,0.071147,-0.347308,25.301058,4.687534,5.125235,-0.162385,0.710834,-0.594192,47.981358,4.839305,7.600246,-0.136097,0.444407,-0.850986,66.324417,10.172411,7.665796,-0.093046,0.189042,-0.993543
452,0.33,18.010878,5.282139,0.817075,-0.029095,0.973311,-0.438438,-14.030337,-4.217983,-0.289024,0.127284,0.697945,-0.409497,-1.607761,-7.308941,-4.879186,0.097175,0.320241,-0.385103,-7.074175,-8.234641,-2.703744,0.025515,0.070386,-0.292297,24.98604,4.455488,4.120568,-0.161539,0.710359,-0.56299,52.138374,4.926969,6.846559,-0.13399,0.456048,-0.825612,70.075729,10.827822,7.171183,-0.091092,0.212108,-0.985506
453,0.34,17.951944,4.542112,0.91983,-0.028696,0.971356,-0.4086,-13.322038,-4.014912,0.072239,0.12907,0.692806,-0.382963,-4.278291,-6.792187,-5.674393,0.09877,0.316936,-0.348341,-9.564357,-8.724544,-2.898113,0.027007,0.069819,-0.24347,24.645935,4.335262,2.818759,-0.160769,0.708525,-0.531523,56.412079,5.026085,6.14841,-0.132003,0.467035,-0.797905,73.857101,11.453844,6.74332,-0.088917,0.236199,-0.974799
454,0.35,17.776854,3.75286,1.021536,-0.028149,0.968211,-0.379174,-12.981524,-4.089542,0.973554,0.130913,0.686901,-0.355704,-6.073247,-6.422781,-6.143982,0.100239,0.313685,-0.31318,-11.105197,-9.065259,-3.070048,0.028596,0.068386,-0.200982,24.299046,4.305431,1.323419,-0.160105,0.705368,-0.499888,60.871468,5.124995,5.577348,-0.130205,0.477115,-0.767716,77.740273,11.93593,6.387145,-0.086678,0.261185,-0.960994
455,0.36,17.485668,3.002596,1.134457,-0.027479,0.96393,-0.350173,-13.064643,-4.53405,2.06249,0.132389,0.680529,-0.327371,-6.976652,-6.216507,-6.433316,0.10153,0.309871,-0.28013,-11.778913,-9.298544,-3.244021,0.03005,0.065407,-0.164691,23.881756,4.353835,-0.168347,-0.159583,0.70081,-0.467949,65.488388,5.223369,5.17229,-0.128664,0.486017,-0.734992,81.787216,12.28236,6.134652,-0.084477,0.286748,-0.943779
456,0.37,17.07662,2.360628,1.26663,-0.026756,0.958618,-0.321562,-13.539228,-5.186228,2.732426,0.133129,0.674004,-0.297816,-7.023479,-6.051433,-6.751728,0.102723,0.305122,-0.249348,-11.645919,-9.498237,-3.396957,0.031228,0.060585,-0.134446,23.292477,4.393087,-1.496727,-0.159271,0.694759,-0.435521,70.13266,5.287156,4.939333,-0.127427,0.493549,-0.699827,85.967987,12.498295,6.000905,-0.08239,0.312426,-0.922928
457,0.38,16.541023,1.855939,1.430121,-0.026046,0.952384,-0.293283,-14.333355,-5.70191,2.773376,0.133099,0.667622,-0.26717,-6.278086,-5.922744,-7.175726,0.103884,0.299385,-0.220584,-10.664383,-9.53317,-3.547477,0.032165,0.054038,-0.110078,22.400454,4.275717,-2.571769,-0.159233,0.687185,-0.40253,74.690331,5.312607,4.755064,-0.126519,0.499624,-0.662438,90.172752,12.581347,5.954643,-0.080497,0.337697,-0.898306
458,0.39,15.860738,1.502956,1.624895,-0.025399,0.945298,-0.26527,-15.356542,-5.906993,2.287974,0.132643,0.661562,-0.235869,-4.824675,-5.92674,-7.69508,0.104843,0.292869,-0.193496,-8.703995,-9.030905,-3.67624,0.033018,0.046326,-0.091493,21.115841,3.972414,-3.394207,-0.15949,0.678142,-0.368975,79.114433,5.355298,4.479095,-0.125953,0.504236,-0.623089,94.260872,12.552402,5.962758,-0.078873,0.362005,-0.869879
459,0.4,15.041286,1.323187,1.837467,-0.024824,0.93743,-0.237477,-16.492125,-5.929351,1.527208,0.132215,0.655721,-0.204471,-2.699411,-6.139131,-8.496067,0.105241,0.285973,-0.167913,-5.895258,-7.574945,-3.646668,0.033813,0.03833,-0.078407,19.399179,3.513201,-4.044747,-0.160058,0.667854,-0.334896,83.38237,5.463966,4.114619,-0.125737,0.507451,-0.582018,98.119629,12.441378,6.013004,-0.077589,0.384792,-0.837735
460,0.41,14.135476,1.330097,2.055996,-0.024318,0.928912,-0.209967,-17.546606,-5.935219,0.948311,0.132185,0.649816,-0.173403,0.130946,-6.707602,-9.841247,0.104581,0.279263,-0.143804,-2.95585,-5.127885,-3.450462,0.034199,0.03125,-0.069987,17.328402,2.954364,-4.589192,-0.160933,0.656669,-0.300477,87.43058,5.668708,3.73712,-0.125891,0.509357,-0.539413,101.673431,12.244358,6.102019,-0.076698,0.4055,-0.80206
461,0.42,13.205926,1.516148,2.277373,-0.02389,0.919966,-0.182884,-18.255108,-5.970071,1.063876,0.13272,0.643697,-0.142985,3.6464,-7.530524,-11.418074,0.102448,0.273604,-0.121028,-0.611357,-2.402754,-3.239893,0.034051,0.026306,-0.065086,15.038905,2.386435,-5.009449,-0.162034,0.645065,-0.265941,91.178902,5.959393,3.387365,-0.126456,0.510032,-0.495399,104.852295,11.906834,6.24774,-0.076211,0.423649,-0.763086
462,0.43,12.308115,1.880257,2.48657,-0.023571,0.910971,-0.156358,-18.403135,-5.930829,1.929005,0.133442,0.637516,-0.113541,7.462735,-8.132605,-12.76181,0.099384,0.269776,-0.099426,1.095794,-0.341953,-3.09833,0.033806,0.023635,-0.062357,12.617811,1.852756,-5.277424,-0.163223,0.633792,-0.231316,94.556107,6.328726,3.130928,-0.127469,0.509562,-0.450036,107.578613,11.348273,6.490487,-0.076102,0.438853,-0.721101
463,0.44,11.530884,2.416332,2.629937,-0.023457,0.902432,-0.130304,-17.972027,-5.799484,2.964394,0.133731,0.6315,-0.085423,11.106631,-8.337007,-13.90597,0.0968,0.267664,-0.07948,2.397092,0.783986,-3.041121,0.033718,0.022418,-0.060666,10.144166,1.356833,-5.506521,-0.16441,0.623792,-0.196418,97.501358,6.777367,3.137641,-0.128904,0.508101,-0.403404,109.756889,10.498038,6.884387,-0.076366,0.450708,-0.676521
464,0.45,11.036174,3.041004,2.639393,-0.02367,0.894908,-0.104343,-17.139395,-5.829205,3.711349,0.133551,0.625752,-0.058997,14.490228,-8.39796,-14.798759,0.095442,0.266302,-0.062397,3.371452,1.264526,-3.068932,0.033738,0.021991,-0.059556,7.674628,0.929601,-5.870069,-0.16557,0.615678,-0.161003,99.977257,7.293133,3.469229,-0.130686,0.505902,-0.355656,111.271492,9.372426,7.45978,-0.076987,0.458865,-0.629853
465,0.46,10.945686,3.592556,2.447726,-0.024175,0.888969,-0.07814,-16.014061,-6.13728,4.202996,0.133285,0.620494,-0.034535,17.639778,-8.520883,-15.273795,0.095048,0.264643,-0.048943,4.105688,1.389156,-3.160924,0.033834,0.021988,-0.058877,5.298756,0.580322,-6.366875,-0.166771,0.609463,-0.124962,101.919197,7.865341,4.065465,-0.132665,0.503213,-0.307018,112.022026,8.104017,8.195741,-0.077857,0.463134,-0.581621
466,0.47,11.129748,3.894275,1.944359,-0.024774,0.885017,-0.051625,-14.59454,-6.585452,4.607048,0.133077,0.616078,-0.012103,20.414948,-8.660555,-15.520913,0.09514,0.262242,-0.038657,4.712306,1.279737,-3.315904,0.033984,0.022193,-0.058485,3.078063,0.151864,-6.80685,-0.168148,0.605056,-0.088282,103.236511,8.464765,4.77846,-0.134668,0.500255,-0.257774,111.967453,6.824668,9.052488,-0.078832,0.463469,-0.532369
467,0.48,11.322243,3.844913,1.035378,-0.025435,0.88308,-0.024787,-12.902519,-6.980963,4.90422,0.132853,0.612754,0.008565,22.646889,-8.796285,-15.85366,0.095324,0.259503,-0.030505,5.303728,1.005085,-3.522094,0.034195,0.022587,-0.058263,0.894725,-0.50654,-7.007337,-0.16971,0.602599,-0.050971,103.879852,9.014495,5.404732,-0.136629,0.497334,-0.208242,111.088196,5.616308,9.974878,-0.079794,0.45995,-0.482556
468,0.49,11.442384,3.516355,-0.147673,-0.026033,0.882954,0.00236,-10.892672,-7.157464,4.788814,0.132658,0.610695,0.027999,24.408628,-8.970327,-16.500385,0.095443,0.257349,-0.023759,6.000028,0.679251,-3.728146,0.034455,0.023284,-0.05812,-1.447302,-1.272961,-7.001763,-0.171325,0.602407,-0.013108,103.772491,9.382344,5.958026,-0.138508,0.494754,-0.158829,109.336975,4.594396,10.904864,-0.080661,0.452744,-0.432445
469,0.5,11.632689,3.033883,-1.415289,-0.026494,0.884411,0.029903,-8.486104,-7.032732,3.996954,0.132539,0.609992,0.046772,25.916323,-9.110859,-17.436169,0.095642,0.256644,-0.018018,6.909194,0.320432,-3.924879,0.034774,0.024396,-0.057972,-4.005483,-1.95781,-6.970149,-0.172884,0.604711,0.025223,102.768677,9.437801,6.63874,-0.140214,0.492673,-0.110075,106.716576,3.772876,11.787279,-0.081402,0.442137,-0.382136
470,0.51,12.038902,2.451175,-2.57972,-0.026707,0.88736,0.058018,-5.7244,-6.691683,2.623315,0.132414,0.610756,0.065319,27.239487,-9.148151,-18.360672,0.096142,0.257904,-0.013027,8.152536,-0.168901,-4.191921,0.035205,0.026006,-0.057699,-6.728794,-2.55883,-7.030746,-0.174294,0.609522,0.063849,100.776665,9.197436,7.662451,-0.141671,0.491124,-0.062523,103.284081,3.069417,12.538214,-0.082003,0.428496,-0.331567
471,0.52,12.608438,1.776598,-3.502881,-0.026629,0.891722,0.086875,-2.818465,-6.350477,0.967364,0.132141,0.613138,0.083796,28.338264,-9.149238,-19.070684,0.097079,0.261264,-0.008594,9.863229,-0.851305,-4.595246,0.035781,0.028208,-0.057214,-9.544155,-3.037377,-7.18963,-0.175443,0.616667,0.102469,97.840408,8.842802,9.097974,-0.142807,0.490047,-0.016539,99.122459,2.492558,13.06469,-0.082456,0.412239,-0.280535
472,0.53,13.159799,1.013113,-4.108629,-0.026296,0.897314,0.116552,0.056351,-6.092379,-0.709074,0.131517,0.617169,0.102246,29.175665,-9.231912,-19.453609,0.098503,0.266687,-0.004429,12.154919,-1.662033,-5.123642,0.036556,0.031174,-0.056485,-12.387873,-3.235611,-7.353858,-0.176262,0.625754,0.140807,94.117012,8.51904,10.904087,-0.143569,0.489245,0.027781,94.368141,2.097494,13.293616,-0.08278,0.393863,-0.228768
473,0.54,13.557317,0.168904,-4.406268,-0.025806,0.903963,0.146963,2.918734,-5.912073,-2.263734,0.130532,0.622728,0.120771,29.632458,-9.602818,-19.39324,0.100449,0.274441,0.000462,15.10036,-2.479025,-5.744474,0.03756,0.035072,-0.055511,-15.117111,-3.089513,-7.372771,-0.176742,0.636219,0.17874,89.79554,8.273159,13.041228,-0.143916,0.488342,0.070576,89.146866,2.008108,13.170588,-0.083031,0.373905,-0.175975
474,0.55,13.757346,-0.732119,-4.456889,-0.025254,0.911533,0.177964,5.754557,-5.828614,-3.659494,0.129347,0.62955,0.13947,30.136263,-10.181477,-18.963627,0.102776,0.283946,0.006229,18.732096,-3.140415,-6.491175,0.038788,0.040023,-0.054256,-17.564159,-2.67927,-7.121427,-0.17694,0.647521,0.216306,85.065308,8.152528,15.359838,-0.143701,0.486894,0.112021,83.528458,2.349958,12.708217,-0.083265,0.352942,-0.121918
475,0.56,13.786363,-1.670121,-4.355247,-0.024778,0.919845,0.209443,8.460433,-5.830906,-4.841796,0.128035,0.637282,0.158528,31.034143,-12.410986,-18.565403,0.106044,0.294578,0.012861,23.051825,-3.429019,-7.361066,0.040249,0.046192,-0.052723,-19.67601,-2.127771,-6.545709,-0.177048,0.659192,0.253531,79.79438,8.055636,17.183867,-0.14314,0.484578,0.1526,77.715034,2.831707,11.885005,-0.083483,0.331142,-0.066599
476,0.57,13.714143,-2.644556,-4.185555,-0.024438,0.928639,0.241281,10.898501,-5.93696,-5.598773,0.126552,0.645518,0.178155,30.804014,-10.64772,-17.276754,0.107495,0.306996,0.020586,28.028704,-3.315014,-8.230088,0.041929,0.053783,-0.051044,-21.478186,-1.521802,-5.645013,-0.177269,0.670803,0.290347,73.755646,7.835703,17.826853,-0.142616,0.481198,0.192888,71.956192,3.068846,10.69796,-0.083692,0.308608,-0.010022
477,0.58,13.620509,-3.668798,-4.004407,-0.024262,0.937593,0.273371,13.207767,-5.970997,-6.010644,0.125096,0.654294,0.19903,30.397194,-7.50629,-15.800322,0.108226,0.320288,0.029504,33.574986,-3.058481,-8.859135,0.043696,0.063087,-0.049448,-22.995966,-0.920632,-4.434394,-0.177629,0.682004,0.326643,67.348312,7.605038,17.610592,-0.141785,0.476585,0.232807,66.182732,3.202293,9.341,-0.083898,0.286004,0.048069
478,0.59,13.576259,-4.744706,-3.848214,-0.024272,0.946379,0.305598,15.544816,-6.329301,-6.50569,0.124268,0.66286,0.221353,30.797665,-6.704527,-14.796997,0.109786,0.333645,0.039758,39.411465,-2.925571,-9.045932,0.045366,0.074522,-0.048047,-24.238451,-0.350102,-2.973575,-0.178079,0.692514,0.36222,61.057808,7.535055,16.949169,-0.140364,0.470718,0.272305,60.293743,3.355657,7.963139,-0.084086,0.263841,0.107852
479,0.6,13.654069,-5.827582,-3.724816,-0.02447,0.954699,0.337832,17.796844,-6.964276,-7.128262,0.124146,0.670692,0.244496,31.746679,-6.051126,-13.681493,0.110971,0.347342,0.051653,45.043934,-3.090115,-8.699279,0.046948,0.088455,-0.046864,-25.202419,0.230227,-1.398301,-0.178562,0.702085,0.396884,55.029106,7.597949,15.814154,-0.138557,0.463699,0.311651,54.310844,3.560923,6.631271,-0.084211,0.242254,0.169227
480,0.61,13.891869,-6.844558,-3.620112,-0.024842,0.962289,0.369964,20.081392,-7.271213,-7.760338,0.124464,0.678344,0.268239,33.257462,-5.520557,-12.292172,0.111743,0.361165,0.064645,49.992283,-3.543709,-7.862066,0.04857,0.104863,-0.045852,-25.868727,0.904625,0.08143,-0.17894,0.710517,0.430564,49.323559,7.722986,14.290513,-0.136582,0.455634,0.350993,48.229301,3.89229,5.408603,-0.084217,0.221413,0.232056
481,0.62,14.274116,-7.731404,-3.512788,-0.025321,0.968976,0.401911,22.130713,-7.274192,-8.327569,0.124943,0.685556,0.292513,35.479336,-5.023421,-10.742253,0.112146,0.374953,0.078556,54.075867,-3.951298,-6.719085,0.050295,0.123398,-0.044852,-26.194229,1.699846,1.236546,-0.179024,0.717669,0.463188,43.881062,7.906776,12.484663,-0.134616,0.446662,0.390373,42.053089,4.326135,4.322647,-0.084159,0.201525,0.296211
482,0.63,14.755864,-8.439296,-3.39266,-0.025823,0.974678,0.433621,23.562117,-7.081082,-8.610794,0.125173,0.69196,0.317748,38.433479,-4.427522,-9.085914,0.11229,0.388673,0.09323,57.575695,-4.075702,-5.513898,0.052021,0.143811,-0.043679,-26.153263,2.526877,1.892867,-0.178646,0.723493,0.49463,38.554264,8.121449,10.433617,-0.132733,0.436913,0.429782,35.774788,4.837245,3.364843,-0.084099,0.182709,0.36154
483,0.64,15.264872,-8.950786,-3.258524,-0.026299,0.979397,0.46508,24.290308,-6.789115,-8.466338,0.124997,0.69736,0.344163,41.966072,-3.617687,-7.221607,0.112357,0.402353,0.108606,60.97987,-4.122791,-4.407085,0.053456,0.165892,-0.042191,-25.780819,3.307806,2.015306,-0.177741,0.728115,0.52493,33.203735,8.310354,8.143949,-0.130888,0.426451,0.469232,29.410364,5.349267,2.523055,-0.084094,0.164984,0.427902
484,0.65,15.76138,-9.294182,-3.108766,-0.026728,0.983296,0.496342,24.554733,-6.38218,-8.024734,0.124598,0.701868,0.371471,45.843807,-2.651187,-5.161066,0.112456,0.416006,0.124654,64.502586,-4.434949,-3.432551,0.054381,0.189238,-0.040267,-25.196573,3.987759,1.759902,-0.1764,0.731749,0.554305,27.73881,8.548637,5.587592,-0.129007,0.415373,0.508732,23.010124,5.829969,1.794153,-0.084177,0.148299,0.495105
485,0.66,16.255114,-9.542862,-2.949975,-0.027111,0.986723,0.527496,24.541788,-5.92282,-7.451051,0.124161,0.705788,0.399119,49.927227,-1.709284,-3.11553,0.11252,0.429578,0.141116,68.061958,-5.079073,-2.528793,0.054945,0.213297,-0.037976,-24.537327,4.528356,1.349441,-0.174839,0.734739,0.583117,22.177456,8.877441,2.823688,-0.127075,0.403932,0.548249,16.67207,6.287229,1.181506,-0.084314,0.132347,0.562772
